BillingID,CustomerID,SubscriptionID,Duration
1,1,1,4
2,2,2,1
3,3,2,3
4,4,3,12
5,5,2,2
6,6,1,8
7,7,2,1
8,8,2,4
9,9,1,4
10,10,2,7
11,11,2,11
12,12,2,6
13,13,2,4
14,14,2,10
15,15,2,10
16,16,2,10
17,17,1,10
18,18,1,10
19,19,1,5
20,20,3,3
21,21,2,4
22,22,1,6
23,23,3,8
24,24,2,4
25,25,3,11
26,26,3,8
27,27,3,11
28,28,3,1
29,29,3,10
30,30,2,6
31,31,2,8
32,32,2,7
33,33,2,3
34,34,3,1
35,35,3,10
36,36,2,4
37,37,2,2
38,38,3,10
39,39,2,2
40,40,3,8
41,41,1,9
42,42,3,2
43,43,1,7
44,44,2,6
45,45,2,1
46,46,2,6
47,47,3,11
48,48,1,2
49,49,2,7
50,50,2,9
51,51,1,3
52,52,2,5
53,53,3,10
54,54,3,9
55,55,3,8
56,56,2,7
57,57,2,4
58,58,1,5
59,59,2,12
60,60,2,5
61,61,3,11
62,62,3,6
63,63,2,8
64,64,1,1
65,65,1,7
66,66,2,4
67,67,1,8
68,68,1,11
69,69,3,2
70,70,2,3
71,71,2,4
72,72,2,5
73,73,2,8
74,74,3,5
75,75,2,7
76,76,2,7
77,77,1,5
78,78,2,3
79,79,2,10
80,80,2,3
81,81,3,10
82,82,3,7
83,83,2,2
84,84,1,2
85,85,2,12
86,86,3,10
87,87,2,4
88,88,2,8
89,89,1,6
90,90,2,2
91,91,3,10
92,92,2,1
93,93,1,3
94,94,2,8
95,95,2,3
96,96,2,12
97,97,2,4
98,98,2,2
99,99,2,10
100,100,2,10
101,101,2,7
102,102,1,11
103,103,2,5
104,104,2,7
105,105,2,8
106,106,2,4
107,107,2,8
108,108,2,1
109,109,3,4
110,110,1,8
111,111,1,11
112,112,2,1
113,113,2,10
114,114,1,8
115,115,2,10
116,116,2,7
117,117,2,7
118,118,2,9
119,119,2,3
120,120,2,5
121,121,3,7
122,122,2,9
123,123,2,1
124,124,3,8
125,125,1,10
126,126,2,7
127,127,3,3
128,128,3,9
129,129,2,4
130,130,2,11
131,131,3,4
132,132,1,8
133,133,1,3
134,134,2,2
135,135,3,9
136,136,3,4
137,137,2,3
138,138,2,10
139,139,3,2
140,140,2,9
141,141,3,6
142,142,3,12
143,143,1,4
144,144,1,6
145,145,2,2
146,146,1,8
147,147,1,11
148,148,2,2
149,149,2,5
150,150,1,6
151,151,2,9
152,152,1,4
153,153,2,4
154,154,2,9
155,155,3,8
156,156,1,7
157,157,3,5
158,158,3,11
159,159,2,5
160,160,2,12
161,161,2,3
162,162,2,9
163,163,2,12
164,164,2,8
165,165,2,1
166,166,1,2
167,167,3,11
168,168,2,3
169,169,2,2
170,170,3,12
171,171,2,9
172,172,2,2
173,173,1,3
174,174,2,6
175,175,2,8
176,176,3,4
177,177,3,4
178,178,2,11
179,179,1,5
180,180,2,10
181,181,2,7
182,182,2,2
183,183,3,2
184,184,2,4
185,185,3,1
186,186,2,4
187,187,1,11
188,188,2,8
189,189,3,8
190,190,2,4
191,191,1,11
192,192,3,1
193,193,1,3
194,194,2,5
195,195,3,3
196,196,3,7
197,197,2,11
198,198,2,2
199,199,2,7
200,200,2,4
201,201,1,4
202,202,2,8
203,203,2,12
204,204,2,8
205,205,1,11
206,206,1,6
207,207,2,4
208,208,2,6
209,209,2,9
210,210,3,8
211,211,2,6
212,212,3,11
213,213,2,2
214,214,3,4
215,215,3,9
216,216,3,12
217,217,2,7
218,218,2,6
219,219,3,8
220,220,2,6
221,221,1,8
222,222,3,1
223,223,2,11
224,224,1,5
225,225,2,9
226,226,3,2
227,227,1,9
228,228,2,9
229,229,2,9
230,230,1,9
231,231,2,4
232,232,3,2
233,233,1,7
234,234,2,8
235,235,2,6
236,236,2,8
237,237,3,5
238,238,2,3
239,239,2,3
240,240,1,2
241,241,2,4
242,242,3,4
243,243,2,8
244,244,2,7
245,245,2,3
246,246,2,10
247,247,3,5
248,248,2,11
249,249,1,2
250,250,3,10
251,251,3,2
252,252,3,9
253,253,3,5
254,254,1,11
255,255,2,7
256,256,2,7
257,257,1,4
258,258,3,11
259,259,1,6
260,260,2,12
261,261,2,9
262,262,1,1
263,263,2,12
264,264,1,8
265,265,2,2
266,266,2,6
267,267,2,4
268,268,3,5
269,269,2,7
270,270,1,4
271,271,2,3
272,272,1,2
273,273,2,3
274,274,2,8
275,275,2,10
276,276,3,5
277,277,1,5
278,278,1,11
279,279,3,2
280,280,2,10
281,281,2,2
282,282,2,2
283,283,1,4
284,284,2,11
285,285,2,6
286,286,1,6
287,287,2,5
288,288,2,2
289,289,3,9
290,290,2,10
291,291,2,11
292,292,1,4
293,293,1,11
294,294,1,3
295,295,2,9
296,296,2,6
297,297,1,11
298,298,2,6
299,299,3,3
300,300,2,1
301,301,2,5
302,302,2,11
303,303,1,11
304,304,3,5
305,305,2,7
306,306,2,4
307,307,1,3
308,308,3,11
309,309,2,1
310,310,2,9
311,311,2,8
312,312,2,8
313,313,1,7
314,314,2,8
315,315,1,4
316,316,1,9
317,317,3,10
318,318,3,7
319,319,1,11
320,320,3,10
321,321,2,7
322,322,2,3
323,323,3,7
324,324,2,2
325,325,2,9
326,326,2,8
327,327,2,7
328,328,1,5
329,329,1,3
330,330,2,6
331,331,3,5
332,332,3,3
333,333,3,4
334,334,2,8
335,335,1,10
336,336,1,8
337,337,3,2
338,338,3,7
339,339,2,11
340,340,2,7
341,341,1,7
342,342,1,1
343,343,2,5
344,344,2,4
345,345,2,1
346,346,2,2
347,347,2,11
348,348,1,9
349,349,3,4
350,350,3,4
351,351,1,5
352,352,1,8
353,353,2,8
354,354,3,7
355,355,3,5
356,356,2,9
357,357,1,2
358,358,2,7
359,359,3,8
360,360,2,7
361,361,1,12
362,362,2,8
363,363,2,7
364,364,1,1
365,365,3,8
366,366,1,10
367,367,2,8
368,368,2,9
369,369,2,11
370,370,2,3
371,371,2,11
372,372,1,8
373,373,3,8
374,374,2,12
375,375,2,9
376,376,2,9
377,377,3,1
378,378,1,2
379,379,1,4
380,380,2,9
381,381,3,6
382,382,2,10
383,383,3,7
384,384,1,2
385,385,2,9
386,386,1,2
387,387,2,8
388,388,2,5
389,389,2,5
390,390,1,5
391,391,2,5
392,392,3,10
393,393,2,9
394,394,2,2
395,395,2,8
396,396,3,11
397,397,1,10
398,398,1,5
399,399,1,9
400,400,2,3
401,401,3,7
402,402,1,11
403,403,2,2
404,404,1,3
405,405,3,2
406,406,1,12
407,407,3,3
408,408,1,8
409,409,2,5
410,410,2,7
411,411,3,5
412,412,2,6
413,413,2,7
414,414,2,1
415,415,3,12
416,416,1,3
417,417,2,3
418,418,1,4
419,419,1,3
420,420,2,2
421,421,3,5
422,422,1,6
423,423,2,7
424,424,1,8
425,425,1,11
426,426,1,6
427,427,2,10
428,428,2,7
429,429,3,7
430,430,2,3
431,431,3,9
432,432,3,7
433,433,1,10
434,434,1,8
435,435,2,5
436,436,3,10
437,437,2,4
438,438,2,7
439,439,1,3
440,440,2,10
441,441,2,7
442,442,2,1
443,443,1,2
444,444,2,6
445,445,2,5
446,446,3,4
447,447,2,5
448,448,2,11
449,449,3,9
450,450,2,12
451,451,3,10
452,452,2,7
453,453,2,3
454,454,3,6
455,455,2,11
456,456,2,5
457,457,2,7
458,458,2,12
459,459,3,12
460,460,1,5
461,461,2,11
462,462,3,2
463,463,3,10
464,464,2,12
465,465,1,11
466,466,1,1
467,467,2,7
468,468,2,2
469,469,2,6
470,470,2,6
471,471,3,3
472,472,3,8
473,473,2,1
474,474,3,1
475,475,3,7
476,476,3,9
477,477,3,6
478,478,3,3
479,479,3,3
480,480,1,11
481,481,1,8
482,482,2,7
483,483,2,1
484,484,2,8
485,485,2,1
486,486,2,8
487,487,2,2
488,488,2,12
489,489,1,9
490,490,2,6
491,491,1,4
492,492,1,11
493,493,3,3
494,494,3,10
495,495,2,2
496,496,3,2
497,497,2,5
498,498,1,5
499,499,2,12
500,500,2,5
501,501,2,1
502,502,1,10
503,503,2,3
504,504,2,4
505,505,1,6
506,506,2,7
507,507,1,11
508,508,1,9
509,509,1,11
510,510,3,11
511,511,2,4
512,512,2,8
513,513,3,10
514,514,3,6
515,515,2,10
516,516,1,5
517,517,3,8
518,518,2,1
519,519,2,9
520,520,2,8
521,521,2,4
522,522,2,4
523,523,2,6
524,524,1,4
525,525,2,7
526,526,1,11
527,527,3,3
528,528,2,5
529,529,2,6
530,530,2,2
531,531,2,3
532,532,2,6
533,533,1,7
534,534,2,4
535,535,3,7
536,536,2,2
537,537,3,3
538,538,1,12
539,539,1,9
540,540,1,10
541,541,2,8
542,542,3,12
543,543,1,12
544,544,1,6
545,545,2,8
546,546,2,10
547,547,2,10
548,548,3,8
549,549,2,7
550,550,2,7
551,551,2,6
552,552,2,1
553,553,2,4
554,554,2,2
555,555,2,5
556,556,2,5
557,557,1,8
558,558,1,12
559,559,3,2
560,560,2,2
561,561,2,9
562,562,1,4
563,563,2,1
564,564,2,8
565,565,3,8
566,566,1,11
567,567,2,8
568,568,1,9
569,569,2,2
570,570,2,10
571,571,2,3
572,572,2,10
573,573,2,11
574,574,1,6
575,575,1,5
576,576,2,12
577,577,1,2
578,578,3,8
579,579,3,6
580,580,3,7
581,581,2,11
582,582,2,1
583,583,2,3
584,584,1,4
585,585,2,12
586,586,3,4
587,587,3,1
588,588,2,6
589,589,3,7
590,590,2,5
591,591,2,6
592,592,2,4
593,593,1,3
594,594,1,5
595,595,2,10
596,596,2,7
597,597,3,9
598,598,2,10
599,599,2,4
600,600,2,1
601,601,1,6
602,602,2,6
603,603,1,12
604,604,2,2
605,605,3,5
606,606,1,7
607,607,1,8
608,608,1,7
609,609,2,11
610,610,2,4
611,611,3,11
612,612,2,12
613,613,2,5
614,614,1,9
615,615,2,6
616,616,1,8
617,617,2,1
618,618,1,9
619,619,1,7
620,620,1,6
621,621,1,7
622,622,2,9
623,623,1,8
624,624,1,7
625,625,2,6
626,626,1,11
627,627,2,2
628,628,3,10
629,629,2,3
630,630,2,9
631,631,1,3
632,632,3,2
633,633,3,7
634,634,3,6
635,635,1,9
636,636,1,7
637,637,1,9
638,638,1,3
639,639,1,8
640,640,2,9
641,641,2,7
642,642,2,1
643,643,2,8
644,644,2,7
645,645,1,10
646,646,2,10
647,647,2,10
648,648,1,4
649,649,1,2
650,650,2,8
651,651,2,11
652,652,3,9
653,653,2,8
654,654,1,4
655,655,2,12
656,656,2,6
657,657,2,7
658,658,2,2
659,659,2,3
660,660,1,6
661,661,2,3
662,662,1,9
663,663,2,8
664,664,3,2
665,665,1,7
666,666,2,8
667,667,3,7
668,668,2,4
669,669,2,11
670,670,1,1
671,671,1,3
672,672,1,9
673,673,2,3
674,674,2,12
675,675,1,9
676,676,1,5
677,677,2,5
678,678,1,3
679,679,2,9
680,680,2,4
681,681,2,7
682,682,1,1
683,683,2,1
684,684,1,2
685,685,1,5
686,686,1,3
687,687,2,9
688,688,3,7
689,689,2,8
690,690,1,11
691,691,2,4
692,692,3,5
693,693,3,3
694,694,2,6
695,695,2,2
696,696,3,10
697,697,2,2
698,698,2,12
699,699,3,2
700,700,1,3
701,701,1,3
702,702,3,10
703,703,1,11
704,704,2,6
705,705,2,6
706,706,2,1
707,707,2,9
708,708,1,3
709,709,2,9
710,710,1,6
711,711,1,9
712,712,2,1
713,713,1,7
714,714,2,8
715,715,2,2
716,716,3,9
717,717,2,3
718,718,1,9
719,719,3,6
720,720,3,2
721,721,2,7
722,722,2,9
723,723,2,6
724,724,2,10
725,725,2,5
726,726,2,10
727,727,3,8
728,728,1,3
729,729,1,8
730,730,3,5
731,731,1,6
732,732,2,5
733,733,1,6
734,734,2,6
735,735,2,6
736,736,2,9
737,737,2,5
738,738,2,11
739,739,2,2
740,740,1,2
741,741,3,8
742,742,2,2
743,743,2,4
744,744,1,10
745,745,2,10
746,746,1,10
747,747,1,6
748,748,2,3
749,749,1,9
750,750,2,10
751,751,2,5
752,752,3,8
753,753,3,12
754,754,2,11
755,755,1,8
756,756,1,11
757,757,3,1
758,758,2,4
759,759,3,5
760,760,2,6
761,761,3,9
762,762,1,9
763,763,2,4
764,764,1,7
765,765,2,2
766,766,1,4
767,767,3,8
768,768,1,3
769,769,3,8
770,770,2,6
771,771,3,10
772,772,3,10
773,773,2,11
774,774,3,2
775,775,1,2
776,776,2,8
777,777,1,9
778,778,1,4
779,779,3,5
780,780,2,3
781,781,3,11
782,782,2,8
783,783,2,9
784,784,2,2
785,785,1,3
786,786,2,9
787,787,3,11
788,788,3,8
789,789,1,8
790,790,3,2
791,791,1,11
792,792,3,12
793,793,1,3
794,794,2,2
795,795,2,6
796,796,3,2
797,797,1,4
798,798,3,7
799,799,1,1
800,800,2,11
801,801,2,5
802,802,1,6
803,803,2,10
804,804,2,5
805,805,2,6
806,806,3,6
807,807,2,9
808,808,2,1
809,809,2,8
810,810,1,5
811,811,2,5
812,812,1,9
813,813,3,9
814,814,2,6
815,815,1,10
816,816,2,6
817,817,2,3
818,818,1,8
819,819,2,9
820,820,3,12
821,821,2,11
822,822,2,11
823,823,3,5
824,824,1,9
825,825,1,8
826,826,2,2
827,827,2,12
828,828,2,11
829,829,1,7
830,830,3,9
831,831,3,6
832,832,3,10
833,833,3,10
834,834,3,3
835,835,2,7
836,836,1,1
837,837,2,2
838,838,2,11
839,839,3,5
840,840,2,11
841,841,1,7
842,842,1,7
843,843,1,2
844,844,2,9
845,845,1,2
846,846,1,6
847,847,2,11
848,848,2,2
849,849,2,10
850,850,1,4
851,851,2,6
852,852,3,2
853,853,2,2
854,854,3,4
855,855,2,4
856,856,2,5
857,857,2,6
858,858,3,3
859,859,2,3
860,860,3,6
861,861,3,10
862,862,1,3
863,863,1,9
864,864,3,11
865,865,1,10
866,866,2,6
867,867,2,10
868,868,2,4
869,869,2,6
870,870,3,5
871,871,2,6
872,872,2,10
873,873,2,6
874,874,2,8
875,875,2,10
876,876,1,7
877,877,1,5
878,878,1,2
879,879,1,7
880,880,2,8
881,881,2,10
882,882,1,6
883,883,2,3
884,884,2,6
885,885,3,1
886,886,3,12
887,887,2,7
888,888,2,1
889,889,2,10
890,890,2,11
891,891,1,12
892,892,2,6
893,893,2,4
894,894,2,9
895,895,2,9
896,896,1,4
897,897,2,12
898,898,2,8
899,899,1,5
900,900,2,10
901,901,2,9
902,902,1,5
903,903,3,10
904,904,3,8
905,905,3,8
906,906,1,4
907,907,2,4
908,908,3,10
909,909,1,4
910,910,2,6
911,911,3,4
912,912,2,12
913,913,3,8
914,914,2,9
915,915,2,8
916,916,2,4
917,917,1,7
918,918,2,10
919,919,2,9
920,920,1,6
921,921,3,11
922,922,2,7
923,923,2,9
924,924,3,8
925,925,3,5
926,926,2,5
927,927,3,4
928,928,3,5
929,929,1,3
930,930,3,2
931,931,2,1
932,932,2,1
933,933,2,8
934,934,3,10
935,935,1,8
936,936,3,10
937,937,2,8
938,938,3,9
939,939,1,12
940,940,2,6
941,941,2,11
942,942,2,1
943,943,2,9
944,944,3,11
945,945,1,8
946,946,2,5
947,947,1,10
948,948,1,11
949,949,2,9
950,950,3,11
951,951,3,4
952,952,1,3
953,953,2,3
954,954,3,8
955,955,2,6
956,956,3,4
957,957,2,4
958,958,2,2
959,959,2,3
960,960,3,7
961,961,2,3
962,962,2,10
963,963,2,8
964,964,3,9
965,965,2,1
966,966,2,4
967,967,2,3
968,968,1,6
969,969,1,9
970,970,3,3
971,971,1,4
972,972,2,6
973,973,3,9
974,974,2,4
975,975,1,9
976,976,2,4
977,977,2,7
978,978,3,11
979,979,2,5
980,980,2,6
981,981,3,3
982,982,2,12
983,983,2,5
984,984,2,6
985,985,2,11
986,986,2,4
987,987,2,4
988,988,1,8
989,989,1,1
990,990,2,8
991,991,1,3
992,992,3,2
993,993,3,10
994,994,3,4
995,995,2,2
996,996,2,4
997,997,1,9
998,998,2,9
999,999,3,1
1000,1000,1,7
1001,1001,3,2
1002,1002,2,3
1003,1003,1,7
1004,1004,1,6
1005,1005,3,6
1006,1006,2,9
1007,1007,2,8
1008,1008,3,9
1009,1009,1,3
1010,1010,2,4
1011,1011,2,5
1012,1012,2,8
1013,1013,2,10
1014,1014,2,8
1015,1015,3,3
1016,1016,1,3
1017,1017,1,11
1018,1018,3,7
1019,1019,2,2
1020,1020,2,8
1021,1021,3,10
1022,1022,3,6
1023,1023,1,3
1024,1024,2,5
1025,1025,1,3
1026,1026,2,5
1027,1027,1,3
1028,1028,1,12
1029,1029,3,9
1030,1030,1,3
1031,1031,3,4
1032,1032,2,7
1033,1033,2,4
1034,1034,3,9
1035,1035,2,9
1036,1036,3,3
1037,1037,2,11
1038,1038,1,4
1039,1039,2,6
1040,1040,3,7
1041,1041,2,1
1042,1042,1,12
1043,1043,2,12
1044,1044,2,8
1045,1045,1,9
1046,1046,2,11
1047,1047,2,8
1048,1048,2,11
1049,1049,3,7
1050,1050,3,4
1051,1051,3,4
1052,1052,1,4
1053,1053,3,12
1054,1054,1,10
1055,1055,3,7
1056,1056,3,10
1057,1057,2,3
1058,1058,2,9
1059,1059,2,2
1060,1060,3,10
1061,1061,2,8
1062,1062,2,10
1063,1063,2,8
1064,1064,2,10
1065,1065,1,8
1066,1066,3,5
1067,1067,2,3
1068,1068,3,7
1069,1069,1,5
1070,1070,2,6
1071,1071,2,3
1072,1072,2,11
1073,1073,1,9
1074,1074,3,4
1075,1075,1,8
1076,1076,2,5
1077,1077,2,5
1078,1078,2,1
1079,1079,3,6
1080,1080,2,5
1081,1081,2,5
1082,1082,3,8
1083,1083,1,10
1084,1084,3,7
1085,1085,1,12
1086,1086,2,2
1087,1087,3,2
1088,1088,1,8
1089,1089,2,7
1090,1090,1,3
1091,1091,2,4
1092,1092,2,9
1093,1093,2,9
1094,1094,1,11
1095,1095,1,4
1096,1096,2,5
1097,1097,2,5
1098,1098,2,6
1099,1099,3,6
1100,1100,2,8
1101,1101,2,7
1102,1102,1,8
1103,1103,3,11
1104,1104,3,3
1105,1105,3,10
1106,1106,2,2
1107,1107,2,10
1108,1108,1,10
1109,1109,3,5
1110,1110,2,9
1111,1111,3,3
1112,1112,3,4
1113,1113,3,5
1114,1114,3,8
1115,1115,2,2
1116,1116,1,6
1117,1117,1,3
1118,1118,2,11
1119,1119,2,12
1120,1120,3,2
1121,1121,3,4
1122,1122,2,4
1123,1123,3,12
1124,1124,1,10
1125,1125,2,6
1126,1126,1,10
1127,1127,2,7
1128,1128,3,4
1129,1129,2,8
1130,1130,2,12
1131,1131,2,10
1132,1132,2,1
1133,1133,3,8
1134,1134,2,1
1135,1135,2,2
1136,1136,2,11
1137,1137,1,9
1138,1138,1,11
1139,1139,1,7
1140,1140,2,8
1141,1141,2,12
1142,1142,1,12
1143,1143,3,5
1144,1144,2,10
1145,1145,2,4
1146,1146,2,10
1147,1147,2,11
1148,1148,2,10
1149,1149,1,9
1150,1150,2,5
1151,1151,2,7
1152,1152,3,5
1153,1153,1,10
1154,1154,3,1
1155,1155,2,4
1156,1156,3,5
1157,1157,3,2
1158,1158,2,5
1159,1159,3,2
1160,1160,1,11
1161,1161,2,10
1162,1162,3,8
1163,1163,1,10
1164,1164,2,2
1165,1165,2,10
1166,1166,2,5
1167,1167,2,7
1168,1168,2,8
1169,1169,3,8
1170,1170,1,7
1171,1171,1,6
1172,1172,1,4
1173,1173,2,1
1174,1174,2,8
1175,1175,1,2
1176,1176,2,10
1177,1177,2,2
1178,1178,2,11
1179,1179,3,10
1180,1180,2,8
1181,1181,2,3
1182,1182,3,2
1183,1183,2,10
1184,1184,2,10
1185,1185,2,11
1186,1186,2,1
1187,1187,2,8
1188,1188,2,4
1189,1189,1,8
1190,1190,2,2
1191,1191,2,10
1192,1192,2,10
1193,1193,2,2
1194,1194,1,2
1195,1195,2,11
1196,1196,3,12
1197,1197,1,5
1198,1198,3,1
1199,1199,3,10
1200,1200,1,5
1201,1201,2,9
1202,1202,2,12
1203,1203,2,10
1204,1204,1,3
1205,1205,2,2
1206,1206,2,5
1207,1207,1,7
1208,1208,2,6
1209,1209,3,9
1210,1210,1,6
1211,1211,3,5
1212,1212,1,5
1213,1213,1,4
1214,1214,2,9
1215,1215,2,5
1216,1216,1,4
1217,1217,2,6
1218,1218,2,9
1219,1219,2,3
1220,1220,1,11
1221,1221,2,12
1222,1222,3,10
1223,1223,2,4
1224,1224,1,12
1225,1225,3,5
1226,1226,3,8
1227,1227,2,10
1228,1228,2,3
1229,1229,2,10
1230,1230,2,10
1231,1231,3,11
1232,1232,2,4
1233,1233,2,2
1234,1234,1,10
1235,1235,2,9
1236,1236,2,4
1237,1237,2,10
1238,1238,3,3
1239,1239,3,1
1240,1240,2,8
1241,1241,1,3
1242,1242,2,11
1243,1243,1,5
1244,1244,2,4
1245,1245,3,10
1246,1246,2,11
1247,1247,1,6
1248,1248,2,5
1249,1249,2,6
1250,1250,2,5
1251,1251,2,9
1252,1252,2,11
1253,1253,2,12
1254,1254,3,2
1255,1255,3,3
1256,1256,1,4
1257,1257,3,8
1258,1258,2,11
1259,1259,3,2
1260,1260,2,11
1261,1261,1,1
1262,1262,3,6
1263,1263,2,8
1264,1264,3,12
1265,1265,2,3
1266,1266,2,11
1267,1267,3,3
1268,1268,2,9
1269,1269,3,9
1270,1270,3,5
1271,1271,1,4
1272,1272,2,3
1273,1273,2,6
1274,1274,2,4
1275,1275,2,9
1276,1276,2,10
1277,1277,2,10
1278,1278,2,8
1279,1279,3,6
1280,1280,2,6
1281,1281,2,2
1282,1282,2,11
1283,1283,2,8
1284,1284,3,3
1285,1285,2,3
1286,1286,2,11
1287,1287,2,7
1288,1288,2,9
1289,1289,2,3
1290,1290,2,4
1291,1291,2,11
1292,1292,1,4
1293,1293,1,10
1294,1294,3,10
1295,1295,2,5
1296,1296,2,4
1297,1297,1,7
1298,1298,2,11
1299,1299,2,11
1300,1300,3,12
1301,1301,3,2
1302,1302,1,3
1303,1303,3,7
1304,1304,3,10
1305,1305,2,9
1306,1306,2,11
1307,1307,2,9
1308,1308,2,3
1309,1309,3,10
1310,1310,2,7
1311,1311,2,10
1312,1312,2,2
1313,1313,1,2
1314,1314,1,12
1315,1315,2,3
1316,1316,1,9
1317,1317,2,8
1318,1318,2,3
1319,1319,2,9
1320,1320,2,5
1321,1321,2,1
1322,1322,1,5
1323,1323,2,2
1324,1324,3,3
1325,1325,3,4
1326,1326,1,9
1327,1327,2,6
1328,1328,2,7
1329,1329,2,5
1330,1330,2,8
1331,1331,2,2
1332,1332,3,3
1333,1333,1,4
1334,1334,3,10
1335,1335,2,7
1336,1336,2,7
1337,1337,1,6
1338,1338,1,7
1339,1339,3,6
1340,1340,2,4
1341,1341,2,3
1342,1342,2,7
1343,1343,1,4
1344,1344,1,7
1345,1345,2,3
1346,1346,2,2
1347,1347,2,6
1348,1348,2,10
1349,1349,2,10
1350,1350,1,3
1351,1351,2,7
1352,1352,3,5
1353,1353,2,2
1354,1354,1,9
1355,1355,1,6
1356,1356,2,9
1357,1357,3,3
1358,1358,1,3
1359,1359,3,8
1360,1360,2,12
1361,1361,3,7
1362,1362,1,7
1363,1363,1,4
1364,1364,1,5
1365,1365,2,3
1366,1366,2,1
1367,1367,2,11
1368,1368,3,5
1369,1369,2,9
1370,1370,3,2
1371,1371,2,7
1372,1372,1,11
1373,1373,2,5
1374,1374,3,2
1375,1375,1,10
1376,1376,2,8
1377,1377,2,2
1378,1378,2,9
1379,1379,3,11
1380,1380,2,11
1381,1381,2,7
1382,1382,1,4
1383,1383,2,8
1384,1384,2,8
1385,1385,1,2
1386,1386,2,7
1387,1387,3,6
1388,1388,2,2
1389,1389,1,8
1390,1390,2,3
1391,1391,2,10
1392,1392,3,12
1393,1393,2,6
1394,1394,2,7
1395,1395,2,4
1396,1396,3,6
1397,1397,2,1
1398,1398,3,8
1399,1399,2,2
1400,1400,2,4
1401,1401,2,6
1402,1402,1,9
1403,1403,1,10
1404,1404,2,5
1405,1405,1,2
1406,1406,2,10
1407,1407,3,5
1408,1408,1,3
1409,1409,3,2
1410,1410,2,12
1411,1411,2,11
1412,1412,3,5
1413,1413,2,7
1414,1414,2,11
1415,1415,2,7
1416,1416,2,3
1417,1417,2,9
1418,1418,2,3
1419,1419,2,6
1420,1420,2,9
1421,1421,3,6
1422,1422,2,5
1423,1423,1,5
1424,1424,2,9
1425,1425,3,7
1426,1426,3,9
1427,1427,2,4
1428,1428,1,11
1429,1429,2,7
1430,1430,2,10
1431,1431,3,12
1432,1432,3,12
1433,1433,1,3
1434,1434,3,10
1435,1435,2,6
1436,1436,3,8
1437,1437,2,3
1438,1438,2,6
1439,1439,3,2
1440,1440,3,9
1441,1441,3,5
1442,1442,2,9
1443,1443,3,4
1444,1444,2,3
1445,1445,2,7
1446,1446,2,8
1447,1447,3,2
1448,1448,3,7
1449,1449,1,4
1450,1450,1,3
1451,1451,3,5
1452,1452,2,9
1453,1453,2,5
1454,1454,2,6
1455,1455,3,4
1456,1456,2,9
1457,1457,2,3
1458,1458,2,5
1459,1459,3,8
1460,1460,3,7
1461,1461,2,3
1462,1462,2,5
1463,1463,2,2
1464,1464,1,5
1465,1465,1,3
1466,1466,2,3
1467,1467,2,2
1468,1468,1,3
1469,1469,1,1
1470,1470,3,3
1471,1471,1,10
1472,1472,2,8
1473,1473,2,7
1474,1474,2,6
1475,1475,2,10
1476,1476,2,3
1477,1477,1,4
1478,1478,2,5
1479,1479,1,7
1480,1480,3,6
1481,1481,3,11
1482,1482,1,8
1483,1483,3,9
1484,1484,3,5
1485,1485,1,8
1486,1486,3,2
1487,1487,2,3
1488,1488,2,11
1489,1489,3,9
1490,1490,3,9
1491,1491,1,7
1492,1492,2,9
1493,1493,2,10
1494,1494,1,9
1495,1495,2,10
1496,1496,3,8
1497,1497,2,9
1498,1498,2,7
1499,1499,2,11
1500,1500,3,11
1501,1501,3,2
1502,1502,1,3
1503,1503,2,4
1504,1504,2,1
1505,1505,3,4
1506,1506,2,8
1507,1507,1,7
1508,1508,2,9
1509,1509,2,9
1510,1510,1,9
1511,1511,1,9
1512,1512,1,8
1513,1513,1,5
1514,1514,2,9
1515,1515,3,2
1516,1516,3,3
1517,1517,1,2
1518,1518,1,6
1519,1519,1,6
1520,1520,1,7
1521,1521,3,7
1522,1522,2,2
1523,1523,2,4
1524,1524,3,2
1525,1525,1,2
1526,1526,2,10
1527,1527,2,2
1528,1528,2,4
1529,1529,2,6
1530,1530,2,3
1531,1531,1,2
1532,1532,2,5
1533,1533,3,2
1534,1534,1,4
1535,1535,2,6
1536,1536,2,10
1537,1537,1,2
1538,1538,1,10
1539,1539,3,9
1540,1540,3,9
1541,1541,2,9
1542,1542,3,11
1543,1543,3,9
1544,1544,3,5
1545,1545,3,9
1546,1546,3,4
1547,1547,2,11
1548,1548,3,7
1549,1549,3,9
1550,1550,1,8
1551,1551,3,3
1552,1552,2,2
1553,1553,3,10
1554,1554,2,1
1555,1555,2,3
1556,1556,3,5
1557,1557,2,7
1558,1558,2,9
1559,1559,3,9
1560,1560,3,3
1561,1561,2,5
1562,1562,2,5
1563,1563,1,2
1564,1564,3,3
1565,1565,2,5
1566,1566,2,6
1567,1567,2,7
1568,1568,1,10
1569,1569,2,4
1570,1570,2,11
1571,1571,2,4
1572,1572,3,11
1573,1573,2,2
1574,1574,2,8
1575,1575,2,10
1576,1576,2,2
1577,1577,3,1
1578,1578,2,5
1579,1579,2,4
1580,1580,3,7
1581,1581,1,2
1582,1582,1,5
1583,1583,2,6
1584,1584,2,2
1585,1585,3,10
1586,1586,1,10
1587,1587,2,9
1588,1588,1,12
1589,1589,2,7
1590,1590,3,6
1591,1591,3,9
1592,1592,2,4
1593,1593,2,2
1594,1594,2,2
1595,1595,2,1
1596,1596,3,6
1597,1597,2,6
1598,1598,2,7
1599,1599,2,4
1600,1600,2,12
1601,1601,2,9
1602,1602,2,11
1603,1603,1,6
1604,1604,2,5
1605,1605,2,8
1606,1606,3,3
1607,1607,3,5
1608,1608,2,12
1609,1609,2,12
1610,1610,2,5
1611,1611,2,4
1612,1612,1,4
1613,1613,3,10
1614,1614,2,11
1615,1615,1,10
1616,1616,3,9
1617,1617,3,9
1618,1618,2,5
1619,1619,3,7
1620,1620,3,1
1621,1621,2,10
1622,1622,1,5
1623,1623,2,6
1624,1624,2,5
1625,1625,1,10
1626,1626,3,1
1627,1627,2,11
1628,1628,2,7
1629,1629,1,8
1630,1630,1,11
1631,1631,2,5
1632,1632,3,10
1633,1633,2,6
1634,1634,3,8
1635,1635,2,8
1636,1636,2,1
1637,1637,2,2
1638,1638,3,10
1639,1639,2,11
1640,1640,3,4
1641,1641,2,7
1642,1642,3,2
1643,1643,3,9
1644,1644,3,9
1645,1645,3,1
1646,1646,1,10
1647,1647,2,9
1648,1648,1,3
1649,1649,2,5
1650,1650,1,3
1651,1651,2,8
1652,1652,1,9
1653,1653,3,5
1654,1654,2,8
1655,1655,3,10
1656,1656,2,9
1657,1657,3,12
1658,1658,2,11
1659,1659,2,3
1660,1660,2,7
1661,1661,2,9
1662,1662,2,10
1663,1663,3,4
1664,1664,2,7
1665,1665,2,2
1666,1666,2,2
1667,1667,1,12
1668,1668,2,3
1669,1669,2,5
1670,1670,2,2
1671,1671,3,2
1672,1672,2,5
1673,1673,2,10
1674,1674,2,4
1675,1675,1,9
1676,1676,2,11
1677,1677,1,11
1678,1678,2,1
1679,1679,1,4
1680,1680,2,6
1681,1681,2,8
1682,1682,2,10
1683,1683,1,1
1684,1684,2,10
1685,1685,1,1
1686,1686,1,11
1687,1687,3,5
1688,1688,2,10
1689,1689,3,5
1690,1690,2,2
1691,1691,3,10
1692,1692,1,10
1693,1693,3,5
1694,1694,2,3
1695,1695,2,7
1696,1696,3,3
1697,1697,2,10
1698,1698,3,1
1699,1699,1,8
1700,1700,1,9
1701,1701,3,8
1702,1702,1,6
1703,1703,1,7
1704,1704,1,6
1705,1705,3,8
1706,1706,2,3
1707,1707,3,4
1708,1708,3,4
1709,1709,2,1
1710,1710,2,7
1711,1711,2,6
1712,1712,1,7
1713,1713,3,4
1714,1714,1,3
1715,1715,3,3
1716,1716,2,10
1717,1717,1,5
1718,1718,3,6
1719,1719,3,5
1720,1720,1,4
1721,1721,1,2
1722,1722,1,4
1723,1723,2,3
1724,1724,3,7
1725,1725,3,3
1726,1726,2,2
1727,1727,1,2
1728,1728,1,6
1729,1729,1,3
1730,1730,1,6
1731,1731,2,10
1732,1732,2,6
1733,1733,2,2
1734,1734,3,12
1735,1735,2,7
1736,1736,2,11
1737,1737,3,10
1738,1738,2,10
1739,1739,2,8
1740,1740,3,5
1741,1741,3,10
1742,1742,2,4
1743,1743,2,7
1744,1744,3,10
1745,1745,2,9
1746,1746,3,10
1747,1747,3,4
1748,1748,1,5
1749,1749,2,8
1750,1750,2,5
1751,1751,3,4
1752,1752,3,3
1753,1753,2,9
1754,1754,2,4
1755,1755,2,2
1756,1756,2,9
1757,1757,2,5
1758,1758,2,4
1759,1759,2,9
1760,1760,2,1
1761,1761,2,6
1762,1762,2,6
1763,1763,3,4
1764,1764,1,9
1765,1765,3,2
1766,1766,1,4
1767,1767,3,2
1768,1768,2,9
1769,1769,2,5
1770,1770,2,4
1771,1771,3,2
1772,1772,2,7
1773,1773,1,7
1774,1774,1,9
1775,1775,3,4
1776,1776,2,3
1777,1777,1,4
1778,1778,2,8
1779,1779,3,11
1780,1780,2,5
1781,1781,3,6
1782,1782,1,7
1783,1783,1,3
1784,1784,2,7
1785,1785,1,5
1786,1786,2,1
1787,1787,2,9
1788,1788,2,6
1789,1789,1,6
1790,1790,2,7
1791,1791,2,9
1792,1792,2,3
1793,1793,3,4
1794,1794,2,9
1795,1795,2,4
1796,1796,3,11
1797,1797,2,3
1798,1798,2,2
1799,1799,2,6
1800,1800,3,6
1801,1801,3,4
1802,1802,2,2
1803,1803,2,9
1804,1804,3,9
1805,1805,1,2
1806,1806,1,12
1807,1807,3,3
1808,1808,1,12
1809,1809,2,1
1810,1810,2,2
1811,1811,2,4
1812,1812,3,11
1813,1813,3,6
1814,1814,2,3
1815,1815,1,11
1816,1816,2,6
1817,1817,1,5
1818,1818,1,5
1819,1819,1,12
1820,1820,1,9
1821,1821,1,11
1822,1822,2,1
1823,1823,2,5
1824,1824,2,5
1825,1825,3,7
1826,1826,2,10
1827,1827,1,1
1828,1828,2,4
1829,1829,2,3
1830,1830,2,2
1831,1831,3,8
1832,1832,2,10
1833,1833,2,5
1834,1834,2,3
1835,1835,3,3
1836,1836,2,12
1837,1837,2,7
1838,1838,3,8
1839,1839,1,7
1840,1840,3,9
1841,1841,2,10
1842,1842,2,2
1843,1843,2,11
1844,1844,2,7
1845,1845,3,9
1846,1846,3,5
1847,1847,1,8
1848,1848,3,9
1849,1849,3,1
1850,1850,2,10
1851,1851,3,12
1852,1852,2,4
1853,1853,2,7
1854,1854,2,4
1855,1855,2,11
1856,1856,3,5
1857,1857,2,6
1858,1858,2,8
1859,1859,2,8
1860,1860,2,2
1861,1861,2,3
1862,1862,2,5
1863,1863,1,4
1864,1864,2,4
1865,1865,2,11
1866,1866,2,4
1867,1867,3,6
1868,1868,2,6
1869,1869,1,12
1870,1870,1,4
1871,1871,2,3
1872,1872,2,2
1873,1873,2,6
1874,1874,3,5
1875,1875,2,6
1876,1876,3,6
1877,1877,3,10
1878,1878,2,7
1879,1879,1,8
1880,1880,2,11
1881,1881,3,10
1882,1882,1,3
1883,1883,1,3
1884,1884,3,2
1885,1885,2,12
1886,1886,1,11
1887,1887,1,3
1888,1888,1,1
1889,1889,2,3
1890,1890,2,1
1891,1891,2,3
1892,1892,2,11
1893,1893,2,3
1894,1894,2,7
1895,1895,3,3
1896,1896,2,10
1897,1897,2,10
1898,1898,3,10
1899,1899,2,11
1900,1900,2,3
1901,1901,3,6
1902,1902,2,2
1903,1903,3,5
1904,1904,2,6
1905,1905,2,3
1906,1906,3,1
1907,1907,2,7
1908,1908,2,8
1909,1909,1,4
1910,1910,3,8
1911,1911,3,6
1912,1912,2,12
1913,1913,2,2
1914,1914,2,9
1915,1915,3,7
1916,1916,3,11
1917,1917,1,2
1918,1918,3,6
1919,1919,3,6
1920,1920,2,6
1921,1921,2,6
1922,1922,1,11
1923,1923,2,5
1924,1924,2,4
1925,1925,1,12
1926,1926,2,9
1927,1927,3,11
1928,1928,3,11
1929,1929,3,7
1930,1930,2,11
1931,1931,3,2
1932,1932,3,4
1933,1933,3,5
1934,1934,1,2
1935,1935,2,5
1936,1936,2,9
1937,1937,1,5
1938,1938,2,2
1939,1939,1,6
1940,1940,1,4
1941,1941,2,1
1942,1942,3,2
1943,1943,3,4
1944,1944,2,10
1945,1945,2,8
1946,1946,1,7
1947,1947,1,8
1948,1948,1,8
1949,1949,2,3
1950,1950,2,6
1951,1951,3,9
1952,1952,1,3
1953,1953,2,4
1954,1954,3,5
1955,1955,3,7
1956,1956,1,3
1957,1957,3,1
1958,1958,3,7
1959,1959,2,9
1960,1960,3,5
1961,1961,1,8
1962,1962,2,11
1963,1963,2,2
1964,1964,2,5
1965,1965,2,2
1966,1966,3,3
1967,1967,2,1
1968,1968,3,12
1969,1969,1,2
1970,1970,1,7
1971,1971,3,9
1972,1972,2,2
1973,1973,3,7
1974,1974,3,10
1975,1975,2,5
1976,1976,1,7
1977,1977,2,10
1978,1978,3,6
1979,1979,2,6
1980,1980,1,11
1981,1981,2,3
1982,1982,2,8
1983,1983,1,5
1984,1984,1,1
1985,1985,3,10
1986,1986,3,7
1987,1987,2,1
1988,1988,2,7
1989,1989,2,9
1990,1990,1,5
1991,1991,2,3
1992,1992,1,9
1993,1993,2,7
1994,1994,2,9
1995,1995,1,5
1996,1996,2,1
1997,1997,1,7
1998,1998,2,6
1999,1999,3,5
2000,2000,3,11
2001,2001,3,9
2002,2002,2,4
2003,2003,2,5
2004,2004,2,9
2005,2005,3,3
2006,2006,1,8
2007,2007,2,6
2008,2008,2,11
2009,2009,1,2
2010,2010,1,8
2011,2011,1,8
2012,2012,1,7
2013,2013,2,7
2014,2014,2,4
2015,2015,1,11
2016,2016,2,11
2017,2017,2,4
2018,2018,3,3
2019,2019,3,9
2020,2020,3,7
2021,2021,2,9
2022,2022,2,3
2023,2023,3,9
2024,2024,2,11
2025,2025,2,10
2026,2026,3,1
2027,2027,3,3
2028,2028,1,10
2029,2029,2,11
2030,2030,3,7
2031,2031,1,2
2032,2032,2,9
2033,2033,2,6
2034,2034,2,10
2035,2035,2,4
2036,2036,2,3
2037,2037,2,9
2038,2038,2,9
2039,2039,3,9
2040,2040,1,10
2041,2041,1,9
2042,2042,1,4
2043,2043,2,4
2044,2044,2,9
2045,2045,1,9
2046,2046,2,9
2047,2047,2,12
2048,2048,1,4
2049,2049,2,3
2050,2050,1,12
2051,2051,1,2
2052,2052,2,6
2053,2053,2,5
2054,2054,2,7
2055,2055,1,2
2056,2056,2,12
2057,2057,2,7
2058,2058,2,6
2059,2059,1,4
2060,2060,1,11
2061,2061,2,6
2062,2062,3,5
2063,2063,2,1
2064,2064,2,3
2065,2065,2,6
2066,2066,1,4
2067,2067,1,3
2068,2068,2,10
2069,2069,2,9
2070,2070,2,12
2071,2071,2,6
2072,2072,1,2
2073,2073,3,6
2074,2074,2,4
2075,2075,2,3
2076,2076,2,5
2077,2077,1,6
2078,2078,2,10
2079,2079,1,2
2080,2080,3,11
2081,2081,1,10
2082,2082,2,8
2083,2083,1,2
2084,2084,1,1
2085,2085,3,4
2086,2086,3,11
2087,2087,3,11
2088,2088,2,2
2089,2089,1,7
2090,2090,2,5
2091,2091,3,8
2092,2092,3,4
2093,2093,2,7
2094,2094,2,1
2095,2095,1,9
2096,2096,2,6
2097,2097,3,5
2098,2098,1,8
2099,2099,2,10
2100,2100,1,1
2101,2101,2,4
2102,2102,3,5
2103,2103,3,6
2104,2104,3,5
2105,2105,3,8
2106,2106,1,2
2107,2107,3,9
2108,2108,2,12
2109,2109,1,6
2110,2110,2,9
2111,2111,2,8
2112,2112,2,8
2113,2113,2,7
2114,2114,2,9
2115,2115,2,7
2116,2116,3,11
2117,2117,3,5
2118,2118,1,4
2119,2119,3,7
2120,2120,1,3
2121,2121,2,4
2122,2122,1,10
2123,2123,1,8
2124,2124,3,9
2125,2125,1,8
2126,2126,2,4
2127,2127,2,3
2128,2128,2,11
2129,2129,2,11
2130,2130,2,7
2131,2131,2,4
2132,2132,2,9
2133,2133,2,2
2134,2134,3,5
2135,2135,2,4
2136,2136,2,5
2137,2137,1,5
2138,2138,2,4
2139,2139,2,9
2140,2140,1,1
2141,2141,1,8
2142,2142,3,6
2143,2143,2,2
2144,2144,3,6
2145,2145,2,9
2146,2146,1,8
2147,2147,1,7
2148,2148,3,1
2149,2149,2,10
2150,2150,2,3
2151,2151,1,6
2152,2152,2,6
2153,2153,2,2
2154,2154,2,10
2155,2155,2,3
2156,2156,2,5
2157,2157,2,8
2158,2158,2,10
2159,2159,2,5
2160,2160,1,12
2161,2161,2,2
2162,2162,2,3
2163,2163,2,5
2164,2164,1,4
2165,2165,1,3
2166,2166,3,8
2167,2167,2,6
2168,2168,2,8
2169,2169,1,8
2170,2170,3,6
2171,2171,2,4
2172,2172,2,5
2173,2173,2,6
2174,2174,2,10
2175,2175,2,4
2176,2176,2,4
2177,2177,2,7
2178,2178,2,7
2179,2179,2,3
2180,2180,2,9
2181,2181,2,7
2182,2182,1,2
2183,2183,2,11
2184,2184,2,4
2185,2185,3,7
2186,2186,3,9
2187,2187,3,10
2188,2188,2,5
2189,2189,2,11
2190,2190,3,7
2191,2191,2,4
2192,2192,1,2
2193,2193,1,6
2194,2194,1,1
2195,2195,2,3
2196,2196,3,11
2197,2197,3,10
2198,2198,2,2
2199,2199,2,11
2200,2200,2,2
2201,2201,2,11
2202,2202,2,5
2203,2203,3,2
2204,2204,1,6
2205,2205,1,4
2206,2206,3,2
2207,2207,3,12
2208,2208,2,6
2209,2209,3,4
2210,2210,1,4
2211,2211,2,8
2212,2212,2,12
2213,2213,2,6
2214,2214,3,1
2215,2215,2,8
2216,2216,2,11
2217,2217,2,3
2218,2218,1,7
2219,2219,1,11
2220,2220,1,6
2221,2221,1,5
2222,2222,2,11
2223,2223,2,7
2224,2224,3,11
2225,2225,2,1
2226,2226,1,9
2227,2227,1,9
2228,2228,3,4
2229,2229,3,3
2230,2230,3,10
2231,2231,1,10
2232,2232,2,11
2233,2233,2,2
2234,2234,2,8
2235,2235,2,6
2236,2236,1,9
2237,2237,3,10
2238,2238,2,4
2239,2239,2,3
2240,2240,2,3
2241,2241,1,7
2242,2242,3,10
2243,2243,1,4
2244,2244,1,9
2245,2245,2,4
2246,2246,1,5
2247,2247,3,11
2248,2248,2,10
2249,2249,2,6
2250,2250,1,10
2251,2251,2,3
2252,2252,2,9
2253,2253,2,10
2254,2254,1,5
2255,2255,2,12
2256,2256,2,9
2257,2257,2,2
2258,2258,3,6
2259,2259,2,10
2260,2260,3,2
2261,2261,2,2
2262,2262,1,3
2263,2263,2,11
2264,2264,1,5
2265,2265,3,4
2266,2266,2,9
2267,2267,1,6
2268,2268,2,2
2269,2269,3,9
2270,2270,3,4
2271,2271,2,4
2272,2272,2,5
2273,2273,2,11
2274,2274,3,10
2275,2275,3,6
2276,2276,3,8
2277,2277,1,8
2278,2278,3,4
2279,2279,2,4
2280,2280,2,10
2281,2281,2,11
2282,2282,1,3
2283,2283,1,6
2284,2284,3,6
2285,2285,2,5
2286,2286,3,3
2287,2287,1,4
2288,2288,2,8
2289,2289,2,2
2290,2290,1,10
2291,2291,1,2
2292,2292,3,7
2293,2293,2,6
2294,2294,2,11
2295,2295,1,4
2296,2296,2,4
2297,2297,2,8
2298,2298,1,9
2299,2299,1,3
2300,2300,3,8
2301,2301,2,5
2302,2302,2,6
2303,2303,2,7
2304,2304,3,6
2305,2305,3,10
2306,2306,2,5
2307,2307,2,2
2308,2308,2,11
2309,2309,2,10
2310,2310,2,6
2311,2311,2,8
2312,2312,2,2
2313,2313,1,6
2314,2314,1,5
2315,2315,2,11
2316,2316,1,11
2317,2317,2,7
2318,2318,3,8
2319,2319,2,3
2320,2320,2,4
2321,2321,2,7
2322,2322,1,9
2323,2323,1,9
2324,2324,3,2
2325,2325,2,2
2326,2326,2,10
2327,2327,1,3
2328,2328,1,12
2329,2329,2,11
2330,2330,3,5
2331,2331,2,7
2332,2332,2,2
2333,2333,3,6
2334,2334,3,8
2335,2335,2,3
2336,2336,2,12
2337,2337,1,6
2338,2338,2,5
2339,2339,1,7
2340,2340,2,12
2341,2341,1,5
2342,2342,2,4
2343,2343,1,4
2344,2344,2,6
2345,2345,2,4
2346,2346,1,11
2347,2347,3,4
2348,2348,2,3
2349,2349,2,3
2350,2350,3,4
2351,2351,3,5
2352,2352,2,10
2353,2353,2,12
2354,2354,1,6
2355,2355,3,1
2356,2356,1,11
2357,2357,1,7
2358,2358,2,5
2359,2359,2,6
2360,2360,2,9
2361,2361,2,3
2362,2362,2,4
2363,2363,2,10
2364,2364,2,8
2365,2365,2,5
2366,2366,2,9
2367,2367,2,6
2368,2368,3,11
2369,2369,3,6
2370,2370,2,6
2371,2371,3,12
2372,2372,2,3
2373,2373,2,5
2374,2374,1,4
2375,2375,2,2
2376,2376,2,11
2377,2377,2,5
2378,2378,2,11
2379,2379,3,4
2380,2380,2,11
2381,2381,3,10
2382,2382,2,9
2383,2383,2,1
2384,2384,3,11
2385,2385,3,1
2386,2386,3,4
2387,2387,3,11
2388,2388,3,10
2389,2389,1,8
2390,2390,2,12
2391,2391,2,7
2392,2392,3,5
2393,2393,1,2
2394,2394,1,9
2395,2395,3,4
2396,2396,2,9
2397,2397,2,5
2398,2398,2,11
2399,2399,1,2
2400,2400,1,4
2401,2401,1,10
2402,2402,3,6
2403,2403,3,9
2404,2404,2,7
2405,2405,2,3
2406,2406,2,2
2407,2407,3,12
2408,2408,2,4
2409,2409,1,1
2410,2410,2,6
2411,2411,1,2
2412,2412,3,10
2413,2413,3,8
2414,2414,3,2
2415,2415,2,4
2416,2416,1,7
2417,2417,3,11
2418,2418,2,7
2419,2419,2,8
2420,2420,2,5
2421,2421,3,7
2422,2422,2,10
2423,2423,2,3
2424,2424,1,7
2425,2425,3,9
2426,2426,3,1
2427,2427,1,11
2428,2428,3,8
2429,2429,2,9
2430,2430,2,3
2431,2431,1,3
2432,2432,3,11
2433,2433,2,2
2434,2434,2,4
2435,2435,3,8
2436,2436,2,12
2437,2437,3,6
2438,2438,2,9
2439,2439,3,3
2440,2440,2,10
2441,2441,2,8
2442,2442,2,5
2443,2443,2,2
2444,2444,2,2
2445,2445,3,4
2446,2446,2,7
2447,2447,3,9
2448,2448,3,9
2449,2449,2,6
2450,2450,1,2
2451,2451,2,7
2452,2452,3,5
2453,2453,3,9
2454,2454,1,12
2455,2455,2,8
2456,2456,1,1
2457,2457,2,9
2458,2458,2,3
2459,2459,2,9
2460,2460,2,5
2461,2461,2,6
2462,2462,2,9
2463,2463,2,6
2464,2464,3,2
2465,2465,2,8
2466,2466,3,9
2467,2467,3,2
2468,2468,1,9
2469,2469,2,3
2470,2470,2,3
2471,2471,3,2
2472,2472,1,10
2473,2473,2,10
2474,2474,1,1
2475,2475,2,7
2476,2476,2,11
2477,2477,3,7
2478,2478,2,7
2479,2479,2,12
2480,2480,1,6
2481,2481,1,6
2482,2482,2,6
2483,2483,2,9
2484,2484,2,9
2485,2485,2,5
2486,2486,3,5
2487,2487,2,8
2488,2488,1,3
2489,2489,1,8
2490,2490,2,4
2491,2491,3,10
2492,2492,1,3
2493,2493,3,8
2494,2494,1,7
2495,2495,1,2
2496,2496,2,10
2497,2497,1,11
2498,2498,1,1
2499,2499,2,5
2500,2500,2,1
2501,2501,3,8
2502,2502,2,7
2503,2503,3,1
2504,2504,3,11
2505,2505,2,10
2506,2506,3,10
2507,2507,2,10
2508,2508,3,5
2509,2509,1,2
2510,2510,1,11
2511,2511,3,4
2512,2512,1,11
2513,2513,1,7
2514,2514,3,11
2515,2515,2,5
2516,2516,2,7
2517,2517,2,7
2518,2518,2,9
2519,2519,3,4
2520,2520,1,3
2521,2521,1,9
2522,2522,3,9
2523,2523,2,9
2524,2524,2,3
2525,2525,2,10
2526,2526,1,11
2527,2527,2,4
2528,2528,3,11
2529,2529,2,2
2530,2530,1,6
2531,2531,2,11
2532,2532,2,9
2533,2533,1,7
2534,2534,2,10
2535,2535,3,5
2536,2536,3,8
2537,2537,1,5
2538,2538,1,9
2539,2539,3,6
2540,2540,1,11
2541,2541,1,7
2542,2542,1,11
2543,2543,2,6
2544,2544,3,6
2545,2545,3,6
2546,2546,1,9
2547,2547,1,10
2548,2548,2,6
2549,2549,1,8
2550,2550,2,8
2551,2551,2,9
2552,2552,3,11
2553,2553,2,7
2554,2554,1,8
2555,2555,1,11
2556,2556,2,8
2557,2557,2,9
2558,2558,2,5
2559,2559,3,9
2560,2560,2,8
2561,2561,3,9
2562,2562,2,6
2563,2563,3,8
2564,2564,2,11
2565,2565,2,9
2566,2566,1,11
2567,2567,2,2
2568,2568,3,3
2569,2569,2,9
2570,2570,2,7
2571,2571,1,3
2572,2572,2,9
2573,2573,1,4
2574,2574,3,1
2575,2575,2,3
2576,2576,3,3
2577,2577,2,1
2578,2578,3,12
2579,2579,1,5
2580,2580,2,4
2581,2581,3,9
2582,2582,2,7
2583,2583,1,2
2584,2584,3,9
2585,2585,3,9
2586,2586,3,5
2587,2587,2,3
2588,2588,2,6
2589,2589,3,6
2590,2590,2,2
2591,2591,2,8
2592,2592,1,4
2593,2593,3,10
2594,2594,2,10
2595,2595,2,9
2596,2596,3,11
2597,2597,1,11
2598,2598,2,10
2599,2599,1,5
2600,2600,2,8
2601,2601,3,4
2602,2602,3,11
2603,2603,2,10
2604,2604,2,7
2605,2605,2,9
2606,2606,3,11
2607,2607,1,5
2608,2608,1,6
2609,2609,1,3
2610,2610,2,2
2611,2611,2,2
2612,2612,1,3
2613,2613,2,12
2614,2614,1,5
2615,2615,1,7
2616,2616,1,8
2617,2617,2,3
2618,2618,2,4
2619,2619,3,5
2620,2620,2,5
2621,2621,1,8
2622,2622,2,4
2623,2623,2,7
2624,2624,2,1
2625,2625,1,9
2626,2626,2,5
2627,2627,2,11
2628,2628,3,2
2629,2629,2,6
2630,2630,2,9
2631,2631,2,11
2632,2632,3,9
2633,2633,1,11
2634,2634,1,6
2635,2635,2,1
2636,2636,2,10
2637,2637,3,8
2638,2638,2,12
2639,2639,1,1
2640,2640,2,11
2641,2641,1,4
2642,2642,2,11
2643,2643,2,11
2644,2644,2,6
2645,2645,2,8
2646,2646,2,4
2647,2647,1,1
2648,2648,3,5
2649,2649,3,5
2650,2650,2,3
2651,2651,1,9
2652,2652,3,2
2653,2653,3,4
2654,2654,1,9
2655,2655,1,6
2656,2656,3,11
2657,2657,2,8
2658,2658,3,3
2659,2659,2,2
2660,2660,1,9
2661,2661,2,4
2662,2662,2,4
2663,2663,3,5
2664,2664,1,6
2665,2665,2,6
2666,2666,2,7
2667,2667,2,6
2668,2668,2,11
2669,2669,3,3
2670,2670,2,8
2671,2671,1,3
2672,2672,2,12
2673,2673,2,5
2674,2674,1,12
2675,2675,3,2
2676,2676,3,7
2677,2677,1,1
2678,2678,1,7
2679,2679,2,9
2680,2680,2,2
2681,2681,2,11
2682,2682,2,6
2683,2683,2,5
2684,2684,3,7
2685,2685,3,10
2686,2686,1,3
2687,2687,3,4
2688,2688,3,7
2689,2689,2,12
2690,2690,2,10
2691,2691,1,6
2692,2692,2,2
2693,2693,1,10
2694,2694,2,2
2695,2695,3,11
2696,2696,1,6
2697,2697,2,5
2698,2698,1,7
2699,2699,1,7
2700,2700,3,5
2701,2701,1,6
2702,2702,2,11
2703,2703,3,12
2704,2704,3,5
2705,2705,3,10
2706,2706,3,9
2707,2707,2,6
2708,2708,1,4
2709,2709,1,3
2710,2710,2,9
2711,2711,1,2
2712,2712,1,6
2713,2713,3,11
2714,2714,3,5
2715,2715,3,7
2716,2716,2,7
2717,2717,1,11
2718,2718,2,12
2719,2719,3,6
2720,2720,3,2
2721,2721,1,12
2722,2722,2,7
2723,2723,2,2
2724,2724,2,8
2725,2725,3,4
2726,2726,2,10
2727,2727,1,5
2728,2728,3,2
2729,2729,1,7
2730,2730,3,6
2731,2731,1,5
2732,2732,1,2
2733,2733,3,5
2734,2734,3,3
2735,2735,2,5
2736,2736,3,8
2737,2737,1,12
2738,2738,2,10
2739,2739,1,11
2740,2740,2,2
2741,2741,2,12
2742,2742,2,10
2743,2743,3,5
2744,2744,3,7
2745,2745,3,2
2746,2746,3,5
2747,2747,2,8
2748,2748,1,11
2749,2749,2,3
2750,2750,2,10
2751,2751,2,10
2752,2752,2,9
2753,2753,2,10
2754,2754,1,11
2755,2755,1,2
2756,2756,1,9
2757,2757,1,1
2758,2758,2,8
2759,2759,3,5
2760,2760,1,9
2761,2761,1,2
2762,2762,3,7
2763,2763,2,7
2764,2764,3,6
2765,2765,3,9
2766,2766,2,1
2767,2767,2,8
2768,2768,2,7
2769,2769,3,1
2770,2770,3,12
2771,2771,3,2
2772,2772,1,11
2773,2773,2,3
2774,2774,2,4
2775,2775,3,10
2776,2776,1,9
2777,2777,1,5
2778,2778,1,6
2779,2779,2,4
2780,2780,1,6
2781,2781,1,5
2782,2782,2,7
2783,2783,2,9
2784,2784,2,6
2785,2785,1,3
2786,2786,2,3
2787,2787,2,6
2788,2788,1,7
2789,2789,1,4
2790,2790,1,8
2791,2791,2,4
2792,2792,3,9
2793,2793,2,8
2794,2794,2,7
2795,2795,3,9
2796,2796,2,10
2797,2797,1,11
2798,2798,2,6
2799,2799,2,12
2800,2800,2,7
2801,2801,2,6
2802,2802,3,8
2803,2803,1,10
2804,2804,2,11
2805,2805,2,5
2806,2806,2,9
2807,2807,2,7
2808,2808,3,3
2809,2809,1,5
2810,2810,1,8
2811,2811,2,1
2812,2812,2,12
2813,2813,1,11
2814,2814,3,1
2815,2815,1,4
2816,2816,2,8
2817,2817,2,6
2818,2818,2,4
2819,2819,2,7
2820,2820,3,9
2821,2821,2,1
2822,2822,2,7
2823,2823,3,2
2824,2824,2,11
2825,2825,2,11
2826,2826,3,1
2827,2827,1,1
2828,2828,3,1
2829,2829,2,8
2830,2830,1,5
2831,2831,3,10
2832,2832,2,5
2833,2833,1,9
2834,2834,2,9
2835,2835,2,8
2836,2836,3,11
2837,2837,2,5
2838,2838,3,2
2839,2839,2,3
2840,2840,2,10
2841,2841,1,6
2842,2842,1,3
2843,2843,3,11
2844,2844,2,6
2845,2845,3,3
2846,2846,3,6
2847,2847,2,11
2848,2848,3,9
2849,2849,3,11
2850,2850,3,11
2851,2851,1,4
2852,2852,1,9
2853,2853,1,5
2854,2854,2,12
2855,2855,3,3
2856,2856,3,8
2857,2857,3,9
2858,2858,2,2
2859,2859,2,5
2860,2860,3,6
2861,2861,1,7
2862,2862,2,2
2863,2863,2,11
2864,2864,3,2
2865,2865,3,3
2866,2866,2,10
2867,2867,2,2
2868,2868,1,9
2869,2869,3,8
2870,2870,2,2
2871,2871,1,2
2872,2872,2,5
2873,2873,2,7
2874,2874,2,9
2875,2875,2,3
2876,2876,2,10
2877,2877,1,11
2878,2878,3,6
2879,2879,3,6
2880,2880,2,11
2881,2881,3,2
2882,2882,1,9
2883,2883,2,2
2884,2884,2,7
2885,2885,3,4
2886,2886,3,4
2887,2887,2,9
2888,2888,1,8
2889,2889,2,3
2890,2890,2,6
2891,2891,2,11
2892,2892,2,2
2893,2893,1,10
2894,2894,3,3
2895,2895,2,6
2896,2896,2,10
2897,2897,1,11
2898,2898,2,2
2899,2899,2,11
2900,2900,2,6
2901,2901,1,4
2902,2902,2,10
2903,2903,3,8
2904,2904,2,2
2905,2905,3,2
2906,2906,2,9
2907,2907,2,2
2908,2908,2,12
2909,2909,2,11
2910,2910,2,2
2911,2911,2,3
2912,2912,3,11
2913,2913,2,9
2914,2914,3,10
2915,2915,2,8
2916,2916,2,4
2917,2917,2,6
2918,2918,1,8
2919,2919,1,3
2920,2920,3,3
2921,2921,2,9
2922,2922,2,11
2923,2923,2,10
2924,2924,1,12
2925,2925,2,10
2926,2926,1,10
2927,2927,3,6
2928,2928,1,1
2929,2929,2,5
2930,2930,3,11
2931,2931,2,6
2932,2932,1,10
2933,2933,1,9
2934,2934,1,2
2935,2935,1,9
2936,2936,2,9
2937,2937,2,5
2938,2938,3,1
2939,2939,2,5
2940,2940,3,8
2941,2941,1,8
2942,2942,1,9
2943,2943,1,4
2944,2944,2,8
2945,2945,2,5
2946,2946,2,10
2947,2947,3,6
2948,2948,2,8
2949,2949,1,6
2950,2950,2,3
2951,2951,1,10
2952,2952,1,5
2953,2953,1,5
2954,2954,2,11
2955,2955,3,2
2956,2956,2,9
2957,2957,1,8
2958,2958,1,8
2959,2959,2,10
2960,2960,2,4
2961,2961,2,10
2962,2962,3,9
2963,2963,1,7
2964,2964,2,2
2965,2965,1,6
2966,2966,1,1
2967,2967,2,3
2968,2968,2,6
2969,2969,2,2
2970,2970,2,4
2971,2971,3,12
2972,2972,2,12
2973,2973,3,8
2974,2974,2,8
2975,2975,2,11
2976,2976,3,11
2977,2977,2,7
2978,2978,1,4
2979,2979,3,4
2980,2980,2,7
2981,2981,3,2
2982,2982,2,4
2983,2983,1,2
2984,2984,1,4
2985,2985,2,3
2986,2986,1,3
2987,2987,1,7
2988,2988,2,5
2989,2989,2,3
2990,2990,2,5
2991,2991,2,8
2992,2992,3,4
2993,2993,1,11
2994,2994,2,10
2995,2995,2,3
2996,2996,3,6
2997,2997,3,11
2998,2998,1,7
2999,2999,3,5
3000,3000,3,7
